x,y
0.0,0.0
5.856877073993378E-4,-2.666695991209948E-4
0.0011738722883073028,-5.317359741991781E-4
0.0017645487339505573,-7.952023413309243E-4
0.0023577120355557655,-0.0010570719166126087
0.002953357184349588,-0.0013173479161406056
0.003551479171558689,-0.0015760335560112894
0.004152072988409731,-0.0018331320523210365
0.0047551336261293774,-0.00208864662116622
0.005360656075944288,-0.002342580478643215
0.00596863532908113,-0.002594936840848396
0.006579066376766564,-0.0028457189238781386
0.007191944210227251,-0.0030949299438288165
0.007807263820689855,-0.0033425731167968055
0.008425020199381041,-0.003588651658878481
0.009045208337527469,-0.0038331687861702154
0.009667823226355801,-0.004076127714768385
0.010292859857092704,-0.004317531660769364
0.010920313220964834,-0.004557383840269527
0.011550178309198864,-0.00479568746936525
0.012182450113021444,-0.005032445764152906
0.012817123623659245,-0.00526766194072887
0.01345419383233893,-0.005501339215189519
0.014093655730287159,-0.005733480803631226
0.014735504308730593,-0.0059640899221503636
0.0153797345588959,-0.006193169786843312
0.016026341472009736,-0.00642072361380644
0.016675320039298773,-0.006646754619136128
0.017326665251989663,-0.006871266018928746
0.01798037210130908,-0.007094261029280671
0.018636435578483677,-0.0073157428662882764
0.01929485067474012,-0.007535714746047937
0.019955612381305075,-0.007754179884656032
0.020618715689405195,-0.00797114149820893
0.02128415559026716,-0.00818660280280301
0.021951927075117617,-0.008400567014534644
0.02262202513518323,-0.008613037349500207
0.023294444761690666,-0.008824017023796076
0.023969180945866603,-0.009033509253518623
0.024646228678937673,-0.009241517254764225
0.02532558295213056,-0.009448044243629255
0.026007238756671915,-0.00965309343621009
0.026691191083788417,-0.0098566680486031
0.027377434924706713,-0.010058771296904667
0.02806596527065347,-0.01025940639721116
0.028756777112855347,-0.010458576565618957
0.02944986544253902,-0.01065628501822443
0.03014522525093114,-0.01085253497112395
0.03084285152925837,-0.011047329640413904
0.03154273926874738,-0.01124067224219066
0.03224488346062483,-0.01143256599255059
0.032949279096117376,-0.011623014107590071
0.033655921166451684,-0.011812019803405476
0.03436480466285442,-0.011999586296093183
0.03507592457655226,-0.012185716801749569
0.03578927589877184,-0.012370414536471001
0.036504853620739824,-0.012553682716353858
0.0372226527336829,-0.01273552455749451
0.03794266822882772,-0.012915943275989345
0.038664895097400925,-0.013094942087934726
0.03938932833062922,-0.013272524209427029
0.04011596291973922,-0.01344869285656263
0.04084479385595762,-0.013623451245437903
0.04157581613051108,-0.013796802592149226
0.042309024734626256,-0.013968750112792977
0.04304441465952981,-0.01413929702346552
0.0437819808964484,-0.014308446540263236
0.044521718436608695,-0.014476201879282495
0.04526362227123737,-0.014642566256619683
0.04600768739156107,-0.014807542888371161
0.046753908788806454,-0.014971134990633315
0.04750228145420019,-0.015133345779502514
0.04825280037896896,-0.015294178471075132
0.04900546055433941,-0.015453636281447553
0.049760256971538186,-0.015611722426716136
0.050517184621792,-0.01576844012297726
0.05127623849632747,-0.015923792586327312
0.05203741358637126,-0.016077783032862655
0.05280070488315006,-0.01623041467867967
0.053566107377890505,-0.016381690739874725
0.05433361606181927,-0.016531614432544205
0.055103225926163034,-0.016680188972784473
0.05587493196214843,-0.016827417576691907
0.05664872916100214,-0.01697330346036289
0.057424612513950826,-0.017117849839893784
0.05820257701222113,-0.017261059931380975
0.058982617647039756,-0.017402936950920836
0.05976472940963333,-0.017543484114609733
0.06054890729122852,-0.01768270463854405
0.061335146283052006,-0.017820601738820163
0.06212344137633042,-0.017957178631534433
0.06291378756229046,-0.01809243853278325
0.06370617983215877,-0.018226384658662984
0.06450061317716202,-0.018359020225270004
0.06529708258852686,-0.018490348448700684
0.06609558305747995,-0.01862037254505141
0.066896109575248,-0.01874909573041855
0.06769865713305762,-0.018876521220898487
0.06850322072213548,-0.01900265223258758
0.06930979533370826,-0.019127491981582215
0.07011837595900264,-0.01925104368397876
0.07092895758924522,-0.019373310555873595
0.07174153521566272,-0.019494295813363094
0.07255610382948176,-0.019614002672543634
0.07337265842192904,-0.019732434349511576
0.07419119398423123,-0.01984959406036331
0.07501170550761493,-0.01996548502119521
0.07583418798330688,-0.02008011044810365
0.0766586364025337,-0.020193473557184996
0.07748504575652204,-0.020305577564535635
0.07831341103649861,-0.02041642568625193
0.07914372723369002,-0.02052602113843026
0.07997598933932298,-0.020634367137166997
0.08081019234462412,-0.02074146689855852
0.0816463312408201,-0.020847323638701207
0.08248440101913762,-0.02095194057369143
0.08332439667080332,-0.021055320919625566
0.08416631318704385,-0.02115746789259998
0.08501014555908587,-0.021258384708711053
0.08585588877815609,-0.021358074584055163
0.08670353783548111,-0.021456540734728684
0.08755308772228765,-0.021553786376827984
0.08840453342980231,-0.02164981472644944
0.0892578699492518,-0.02174462899968943
0.09011309227186279,-0.02183823241264432
0.09097019538886195,-0.021930628181410512
0.09182917429147586,-0.02202181952208434
0.09269002397093123,-0.022111809650762225
0.09355273941845477,-0.022200601783540497
0.09441731562527311,-0.022288199136515557
0.09528374758261289,-0.02237460492578377
0.09615203028170077,-0.022459822367441505
0.09702215871376346,-0.02254385467758517
0.09789412787002759,-0.02262670507231109
0.09876793274171983,-0.022708376767715678
0.09964356832006684,-0.0227888729798953
0.10052102959629527,-0.022868196924946314
0.1014003115616318,-0.022946351818965115
0.10228140920730311,-0.023023340878048068
0.10316431752453581,-0.02309916731829155
0.10404903150455663,-0.023173834355791935
0.10493554613859218,-0.023247345206645606
0.10582385641786912,-0.02331970308694891
0.10671395733361415,-0.023390911212798272
0.10760584387705394,-0.02346097280029002
0.1084995110394151,-0.023529891065520538
0.10939495381192432,-0.023597669224586226
0.11029216718580825,-0.023664310493583418
0.1111911461522936,-0.023729818088608523
0.112091885702607,-0.023794195225757903
0.11299438082797511,-0.023857445121127932
0.1138986265196246,-0.023919570990814994
0.11480461776878209,-0.023980576050915456
0.11571234956667428,-0.024040463517525687
0.11662181690452787,-0.02409923660674207
0.11753301477356948,-0.024156898534660978
0.11844593816502574,-0.024213452517378796
0.11936058207012339,-0.024268901770991884
0.12027694148008902,-0.024323249511596604
0.12119501138614935,-0.024376498955289365
0.12211478677953103,-0.024428653318166522
0.1230362626514607,-0.024479715816324445
0.12395943399316503,-0.024529689665859528
0.12488429579587068,-0.02457857808286812
0.1258108430508043,-0.02462638428344662
0.12673907074919263,-0.024673111483691383
0.12766897388226225,-0.024718762899698807
0.12860054744123986,-0.02476334174756524
0.1295337864173521,-0.02480685124338706
0.13046868580182563,-0.02484929460326068
0.13140524058588712,-0.02489067504328242
0.1323434457607633,-0.024930995779548687
0.1332832963176807,-0.02497026002815586
0.13422478724786613,-0.02500847100520029
0.1351679135425461,-0.025045631926778368
0.13611267019294737,-0.025081746008986473
0.13705905219029663,-0.025116816467920966
0.13800705452582043,-0.025150846519678235
0.13895667219074553,-0.02518383938035465
0.13990790017629856,-0.025215798266046578
0.1408607334737062,-0.025246726392850395
0.14181516707419506,-0.025276626976862483
0.14277119596899188,-0.025305503234179218
0.14372881514932326,-0.025333358380896974
0.14468801960641586,-0.02536019563311212
0.1456488043314964,-0.02538601820692102
0.14661116431579152,-0.025410829318420078
0.14757509455052784,-0.025434632183705647
0.1485405900269321,-0.025457430018874093
0.14950764573623088,-0.02547922604002182
0.15047625666965087,-0.025500023463245182
0.15144641781841878,-0.02551982550464057
0.15241812417376122,-0.02553863538030434
0.1533913707269049,-0.025556456306332874
0.15436615246907642,-0.025573291498822565
0.15534246439150246,-0.025589144173869746
0.15632030148540974,-0.025604017547570843
0.15729965874202484,-0.025617914836022188
0.15828053115257448,-0.02563083925532017
0.15926291370828533,-0.025642794021561166
0.160246801400384,-0.025653782350841564
0.16123218922009716,-0.025663807459257712
0.1622190721586515,-0.025672872562906
0.1632074452072737,-0.0256809808778828
0.16419730335719043,-0.025688135620284477
0.16518864159962826,-0.025694340006207433
0.16618145492581393,-0.02569959725174803
0.16717573832697413,-0.025703910573002628
0.16817148679433544,-0.025707283186067603
0.1691686953191246,-0.025709718307039345
0.1701673588925682,-0.025711219152014214
0.17116747250589295,-0.025711788937088628
0.1721690311503255,-0.025711430878358893
0.17317202981709248,-0.02571014819192144
0.17417646349742064,-0.025707944093872614
0.17518232718253657,-0.025704821800308794
0.176189615863667,-0.025700784527326354
0.17719832453203846,-0.025695835491021696
0.17820844817887774,-0.025689977907491154
0.1792199817954115,-0.02568321499283112
0.1802329203728663,-0.025675549963137964
0.18124725890246887,-0.02566698603450808
0.18226299237544585,-0.025657526423037827
0.18328011578302397,-0.02564717434482358
0.18429862411642983,-0.025635933015961704
0.18531851236689012,-0.025623805652548612
0.18633977552563147,-0.02561079547068061
0.1873624085838806,-0.025596905686454133
0.18838640653286404,-0.025582139515965552
0.18941176436380863,-0.025566500175311216
0.1904384770679409,-0.025549990880587528
0.19146653963648763,-0.025532614847890808
0.1924959470606754,-0.0255143752933175
0.19352669433173086,-0.02549527543296394
0.19455877644088068,-0.025475318482926515
0.1955921883793516,-0.025454507659301587
0.19662692513837016,-0.02543284617818553
0.1976629817091632,-0.025410337255674736
0.19870035308295714,-0.02538698410786558
0.19973903425097883,-0.02536278995085442
0.20077902020445496,-0.02533775800073762
0.20182030593461198,-0.025311891473611597
0.2028628864326768,-0.025285193585572685
0.20390675668987585,-0.0252576675527173
0.20495191169743596,-0.025229316591141776
0.20599834644658377,-0.025200143916942502
0.20704605592854586,-0.025170152746215854
0.20809503513454902,-0.025139346295058207
0.20914527905581975,-0.025107727779565936
0.21019678268358485,-0.02507530041583543
0.211249541009071,-0.025042067419963038
0.21230354902350473,-0.025008032008045147
0.21335880171811272,-0.024973197396178134
0.21441529408412183,-0.024937566800458347
0.2154730211127584,-0.024901143436982243
0.2165319777952494,-0.0248639305218461
0.21759215912282132,-0.02482593127114631
0.21865356008670084,-0.024787148900979314
0.2197161756781147,-0.02474758662744142
0.22078000088828942,-0.02470724766662903
0.22184503070845185,-0.024666135234638495
0.2229112601298285,-0.024624252547566228
0.22397868414364608,-0.024581602821508577
0.2250472977411313,-0.024538189272561933
0.22611709591351076,-0.024494015116822643
0.22718807365201116,-0.02444908357038711
0.2282602259478591,-0.024403397849351693
0.22933354779228138,-0.02435696116981277
0.23040803417650452,-0.024309776747866718
0.23148368009175524,-0.024261847799609923
0.2325604805292602,-0.02421317754113876
0.23363843048024605,-0.02416376918854958
0.2347175249359395,-0.02411362595793877
0.23579775888756715,-0.024062751065402704
0.2368791273263557,-0.024011147727037732
0.23796162524353182,-0.023958819158940284
0.23904524763032212,-0.023905768577206707
0.24012998947795336,-0.02385199919793335
0.24121584577765204,-0.023797514237216655
0.24230281152064498,-0.023742316911152944
0.24339088169815887,-0.023686410435838565
0.24448005130142014,-0.023629798027369933
0.24557031532165569,-0.023572482901843467
0.2466616687500921,-0.02351446827535543
0.247754106577956,-0.023455757364002308
0.24884762379647407,-0.02339635338388041
0.249942215396873,-0.023336259551086133
0.25103787637037944,-0.02327547908171583
0.25213460170822005,-0.023214015191865917
0.2532323864016215,-0.023151871097632726
0.25433122544181047,-0.023089050015112675
0.2554311138200135,-0.023025555160402097
0.2565320465274574,-0.022961389749597397
0.2576340185553688,-0.022896556998794906
0.25873702489497435,-0.022831060124091057
0.2598410605375008,-0.022764902341582197
0.26094612047417454,-0.0226980868673647
0.26205219969622257,-0.02263061691753493
0.2631592931948713,-0.022562495708189273
0.2642673959613476,-0.022493726455424107
0.26537650298687787,-0.022424312375335792
0.2664866092626889,-0.022354256684020746
0.2675977097800075,-0.022283562597575288
0.26870979953006013,-0.02221223333209585
0.2698228735040737,-0.02214027210367872
0.2709369266932745,-0.02206768212842039
0.2720519540888895,-0.021994466622417108
0.2731679506821452,-0.02192062880176536
0.27428491146426837,-0.021846171882561466
0.27540283142648564,-0.02177109908090183
0.27652170556002365,-0.021695413612882727
0.27764152885610904,-0.021619118694600675
0.27876229630596855,-0.02154221754215195
0.27988400290082877,-0.021464713371632985
0.2810066436319164,-0.021386609399140125
0.2821302134904581,-0.02130790884076976
0.28325470746768044,-0.021228614912618224
0.2843801205548103,-0.021148730830781906
0.2855064477430741,-0.021068259811357237
0.2866336840236987,-0.020987205070440523
0.28776182438791065,-0.020905569824128223
0.2888908638269366,-0.020823357288516614
0.2900207973320033,-0.020740570679702114
0.29115161989433735,-0.020657213213781084
0.2922833265051654,-0.02057328810684994
0.2934159121557142,-0.020488798575004963
0.2945493718372103,-0.020403747834342678
0.29568370054088045,-0.020318139100959337
0.2968188932579512,-0.020231975590951384
0.2979549449796494,-0.020145260520415098
0.29909185069720157,-0.02005799710544695
0.3002296054018344,-0.019970188562143276
0.30136820408477455,-0.01988183810660049
0.30250764173724864,-0.019792948954914902
0.3036479133504835,-0.019703524323182925
0.30478901391570556,-0.019613567427500922
0.30593093842414176,-0.019523081483965282
0.30707368186701844,-0.019432069708672395
0.3082172392355625,-0.019340535317718566
0.3093616055210005,-0.01924848152720024
0.31050677571455915,-0.019155911553213723
0.3116527448074652,-0.019062828611855487
0.312799507790945,-0.018969235919221866
0.31394705965622555,-0.018875136691409167
0.3150953953945334,-0.018780534144513833
0.31624450999709514,-0.018685431494632254
0.3173943984551375,-0.018589831957860764
0.3185450557598871,-0.018493738750295752
0.31969647690257064,-0.01839715508803358
0.32084865687441483,-0.018300084187170634
0.3220015906666462,-0.018202529263803308
0.3231552732704916,-0.018104493534027905
0.3243096996771775,-0.018005980213940925
0.3254648648779306,-0.017906992519638648
0.3266207638639777,-0.017807533667217434
0.32777739162654534,-0.01770760687277373
0.3289347431568602,-0.017607215352403893
0.33009281344614894,-0.017506362322204233
0.33125159748563826,-0.017405050998271193
0.3324110902665549,-0.01730328459670108
0.3335712867801254,-0.017201066333590365
0.3347321820175763,-0.017098399425035382
0.3358937709701345,-0.016995287087132493
0.33705604862902666,-0.016891732535978032
0.3382190099854792,-0.0167877389876685
0.339382650030719,-0.016683309658300116
0.34054696375597276,-0.016578447763969356
0.3417119461524669,-0.016473156520772553
0.34287759221142833,-0.016367439144806123
0.34404389692408355,-0.016261298852166373
0.3452108552816593,-0.016154738858949774
0.34637846227538227,-0.016047762381252578
0.347546712896479,-0.015940372635171313
0.34871560213617636,-0.015832572836802172
0.34988512498570074,-0.015724366202241685
0.35105527643627893,-0.015615755947586157
0.3522260514791377,-0.01550674528893195
0.35339744510550364,-0.015397337442375508
0.3545694523066034,-0.01528753562401311
0.35574206807366354,-0.0151773430499412
0.3569152873979109,-0.01506676293625614
0.35808910527057203,-0.014955798499054318
0.3592635166828736,-0.014844452954432041
0.3604385166260424,-0.014732729518485754
0.36161410009130496,-0.014620631407311763
0.36279026206988785,-0.014508161837006595
0.3639669975530181,-0.014395324023666417
0.3651443015319219,-0.014282121183387758
0.36632216899782627,-0.014168556532266924
0.3675005949419577,-0.014054633286400303
0.3686795743555429,-0.013940354661884258
0.36985910222980856,-0.013825723874815232
0.3710391735559812,-0.013710744141289505
0.37221978332528766,-0.01359541867740352
0.37340092652895457,-0.013479750699253584
0.3745825981582086,-0.013363743422936142
0.3757647932042763,-0.013247400064547499
0.37694750665838433,-0.013130723840184128
0.3781307335117596,-0.013013717965942334
0.3793144687556285,-0.012896385657918452
0.3804987073812178,-0.012778730132208954
0.3816834443797542,-0.012660754604910146
0.3828686747424643,-0.012542462292118473
0.3840543934605749,-0.012423856409930156
0.3852405955253123,-0.012304940174441809
0.3864272759279036,-0.012185716801749569
0.3876144296595752,-0.012066189507949965
0.3888020517115538,-0.01194636150913933
0.3899901370750662,-0.011826236021414027
0.39117868074133894,-0.011705816260870389
0.39236767770159864,-0.011585105443604887
0.393557122947072,-0.011464106785713857
0.3947470114689858,-0.011342823503293603
0.39593733825856664,-0.011221258812440543
0.397128098307041,-0.01109941592925115
0.39831928660563576,-0.010977298069821673
0.39951089814557755,-0.01085490845024853
0.400702927918093,-0.010732250286628109
0.4018953709144088,-0.010609326795056773
0.4030882221257515,-0.010486141191630882
0.404281476543348,-0.010362696692446827
0.40547512915842465,-0.010238996513600968
0.40666917496220845,-0.010115043871189694
0.40786360894592566,-0.009990841981309423
0.40905842610080334,-0.009866394060056377
0.41025362141806787,-0.009741703323527168
0.41144918988894613,-0.009616772987817962
0.41264512650466467,-0.00949160626902526
0.41384142625645015,-0.009366206383245312
0.4150380841355291,-0.009240576546574675
0.4162350951331285,-0.009114719975109514
0.41743245424047487,-0.008988639884946331
0.41863015644879475,-0.008862339492181542
0.41982819674931493,-0.008735822012911398
0.421026570133262,-0.008609090663232344
0.42222527159186274,-0.00848214865924074
0.4234242961163436,-0.008354999217033005
0.4246236386979315,-0.008227645552705443
0.42582329432785293,-0.008100090882354444
0.42702325799733454,-0.007972338422076425
0.42822352469760316,-0.007844391387967747
0.42942408941988525,-0.007716252996124717
0.43062494715540767,-0.007587926462643807
0.431826092895397,-0.0074594150036213225
0.4330275216310797,-0.007330721835153681
0.43422922835368283,-0.007201850173337243
0.4354312080544327,-0.007072803234268399
0.43663345572455625,-0.006943584234043454
0.4378359663552798,-0.0068141963887589085
0.43903873493783035,-0.006684642914510985
0.44024175646343455,-0.006554927027396157
0.44144502592331875,-0.0064250519435107845
0.44264853830870987,-0.006295020878951257
0.4438522886108345,-0.006164837049813965
0.44505627182091934,-0.006034503672195157
0.44626048293019105,-0.005904023962191363
0.44746491692987617,-0.005773401135898859
0.44866956881120157,-0.005642638409414091
0.4498744335653937,-0.005511738998833365
0.4510795061836794,-0.005380706120253098
0.45228478165728525,-0.005249542989769623
0.45349025497743795,-0.005118252823479386
0.45469592113536406,-0.004986838837478691
0.45590177512229035,-0.004855304247863984
0.4571078119294436,-0.004723652270731543
0.4583140265480501,-0.004591886122177868
0.45952041396933674,-0.00446000901829921
0.46072696918453027,-0.004328024175192069
0.4619336871848573,-0.004195934808952612
0.4631405629615444,-0.0040637441356774495
0.46434759150581834,-0.003931455371462833
0.4655547678089056,-0.0037990717324051793
0.466762086862033,-0.0036665964346008495
0.46796954365642723,-0.0035340326941462052
0.469177133183315,-0.00340138372713758
0.4703848504339227,-0.003268652749671447
0.47159269039947727,-0.003135842977844111
0.47280064807120514,-0.00300295762775199
0.4740087184403331,-0.0028699999154914724
0.47521689649808807,-0.002736973057158837
0.4764251772356962,-0.002603880268850556
0.4776335556443845,-0.002470724766662935
0.47884202671537945,-0.002337509766692364
0.48005058543990786,-0.0022042384850353147
0.4812592268091965,-0.0020709141377879825
0.4824679458144716,-0.001937539941046923
0.48367673744696027,-0.0018041191109084143
0.4848855966978888,-0.0016706548634688456
0.4860945185584842,-0.0015371504148245785
0.4873034980199731,-0.0014036089810719465
0.48851253007358186,-0.00127003377830745
0.48972160971053724,-0.0011364280226274226
0.49093073192206615,-0.0010027949301281425
0.49213989169939504,-8.691377169060821E-4
0.49334908403375055,-7.354595990576307E-4
0.49455830391635963,-6.017637926789832E-4
0.4957675463384485,-4.6805351386675076E-4
0.4969768062912441,-3.343319787172394E-4
0.4981860787659731,-2.006024033267273E-4
0.4993953587538622,-6.686800379165914E-5
0.5006046412461379,6.686800379160363E-5
0.5018139212340269,2.0060240332664403E-4
0.5030231937087559,3.343319787171839E-4
0.5042324536615514,4.6805351386669525E-4
0.5054416960836404,6.017637926789832E-4
0.5066509159662494,7.354595990575474E-4
0.5078601083006051,8.691377169060821E-4
0.5090692680779338,0.0010027949301280592
0.5102783902894626,0.0011364280226273116
0.5114874699264181,0.0012700337783073667
0.512696501980027,0.0014036089810719188
0.5139054814415158,0.001537150414824523
0.5151144033021111,0.00167065486346879
0.5163232625530397,0.0018041191109083865
0.5175320541855283,0.0019375399410468674
0.5187407731908037,0.0020709141377879825
0.519949414560092,0.0022042384850352315
0.5211579732846205,0.002337509766692336
0.5223664443556155,0.002470724766662852
0.5235748227643038,0.0026038802688505003
0.524783103501912,0.0027369730571587814
0.5259912815596668,0.002869999915491389
0.5271993519287947,0.0030029576277519066
0.5284073096005227,0.0031358429778440833
0.5296151495660772,0.0032686527496713913
0.5308228668166851,0.0034013837271375247
0.5320304563435727,0.0035340326941460942
0.533237913137967,0.003666596434600794
0.5344452321910943,0.003799071732405096
0.5356524084941816,0.003931455371462778
0.5368594370384557,0.0040637441356774495
0.5380663128151427,0.004195934808952556
0.5392730308154696,0.00432802417519193
0.5404795860306632,0.004460009018299127
0.5416859734519499,0.004591886122177785
0.5428921880705565,0.004723652270731515
0.5440982248777096,0.0048553042478639286
0.5453040788646359,0.004986838837478691
0.546509745022562,0.005118252823479358
0.5477152183427147,0.005249542989769568
0.5489204938163206,0.005380706120253043
0.5501255664346062,0.005511738998833282
0.5513304311887983,0.005642638409414008
0.5525350830701238,0.005773401135898831
0.553739517069809,0.005904023962191307
0.5549437281790807,0.006034503672195102
0.5561477113891654,0.006164837049813882
0.55735146169129,0.006295020878951202
0.5585549740766811,0.006425051943510729
0.5597582435365656,0.006554927027396157
0.5609612650621696,0.00668464291451093
0.5621640336447201,0.006814196388758853
0.5633665442754439,0.006943584234043454
0.5645687919455672,0.007072803234268288
0.5657707716463172,0.007201850173337243
0.5669724783689203,0.007330721835153653
0.568173907104603,0.007459415003621239
0.5693750528445922,0.007587926462643668
0.5705759105801146,0.007716252996124606
0.5717764753023968,0.007844391387967664
0.5729767420026655,0.007972338422076397
0.5741767056721471,0.00810009088235436
0.5753763613020685,0.008227645552705387
0.5765757038836563,0.008354999217032921
0.5777747284081373,0.008482148659240685
0.5789734298667379,0.008609090663232288
0.5801718032506851,0.008735822012911398
0.5813698435512051,0.008862339492181459
0.5825675457595251,0.008988639884946303
0.5837649048668714,0.009114719975109431
0.5849619158644708,0.009240576546574564
0.5861585737435498,0.009366206383245312
0.5873548734953352,0.009491606269025121
0.5885508101110537,0.009616772987817823
0.5897463785819321,0.00974170332352714
0.5909415738991967,0.009866394060056405
0.5921363910540741,0.009990841981309284
0.5933308250377914,0.010115043871189555
0.5945248708415751,0.01023899651360094
0.595718523456652,0.010362696692446771
0.5969117778742484,0.010486141191630827
0.598104629085591,0.010609326795056717
0.5992970720819069,0.010732250286628053
0.6004891018544223,0.010854908450248446
0.601680713394364,0.010977298069821506
0.6028719016929589,0.011099415929251122
0.6040626617414333,0.011221258812440515
0.6052529885310141,0.01134282350329352
0.6064428770529278,0.011464106785713746
0.6076323222984015,0.011585105443604915
0.6088213192586611,0.011705816260870361
0.6100098629249339,0.011826236021413972
0.611197948288446,0.011946361509139192
0.6123855703404246,0.01206618950794991
0.6135727240720964,0.012185716801749513
0.6147594044746877,0.012304940174441725
0.6159456065394251,0.0124238564099301
0.6171313252575357,0.012542462292118417
0.6183165556202459,0.012660754604910118
0.6195012926187822,0.012778730132208871
0.6206855312443715,0.012896385657918397
0.6218692664882404,0.01301371796594225
0.6230524933416157,0.0131307238401841
0.6242352067957239,0.013247400064547554
0.6254174018417915,0.013363743422936114
0.6265990734710456,0.013479750699253612
0.6277802166747123,0.013595418677403437
0.6289608264440189,0.013710744141289477
0.6301408977701917,0.013825723874815232
0.6313204256444571,0.013940354661884202
0.6324994050580424,0.014054633286400275
0.6336778310021737,0.014168556532266896
0.6348556984680781,0.01428212118338773
0.636033002446982,0.01439532402366639
0.637209737930112,0.014508161837006484
0.6383858999086951,0.014620631407311735
0.6395614833739576,0.014732729518485699
0.6407364833171263,0.01484445295443193
0.6419108947294279,0.014955798499054151
0.643084712602089,0.015066762936256084
0.6442579319263364,0.015177343049941172
0.6454305476933966,0.015287535624013027
0.6466025548944964,0.01539733744237548
0.6477739485208622,0.015506745288931922
0.648944723563721,0.01561575594758613
0.6501148750142992,0.015724366202241602
0.6512843978638236,0.01583257283680206
0.6524532871035209,0.01594037263517123
0.6536215377246177,0.01604776238125255
0.6547891447183406,0.016154738858949635
0.6559561030759165,0.01626129885216626
0.6571224077885716,0.016367439144806095
0.658288053847533,0.01647315652077247
0.6594530362440273,0.01657844776396933
0.660617349969281,0.016683309658300116
0.6617809900145206,0.016787738987668388
0.6629439513709734,0.016891732535978032
0.6641062290298654,0.016995287087132438
0.6652678179824237,0.017098399425035382
0.6664287132198746,0.01720106633359031
0.6675889097334451,0.017303284596700996
0.6687484025143615,0.01740505099827111
0.6699071865538508,0.01750636232220415
0.6710652568431398,0.017607215352403838
0.6722226083734546,0.017707606872773618
0.6733792361360222,0.01780753366721738
0.6745351351220694,0.017906992519638676
0.6756903003228224,0.018005980213940842
0.6768447267295085,0.018104493534027877
0.6779984093333538,0.018202529263803224
0.6791513431255853,0.018300084187170662
0.6803035230974293,0.018397155088033523
0.6814549442401129,0.018493738750295696
0.6826056015448626,0.018589831957860792
0.6837554900029048,0.018685431494632143
0.6849046046054665,0.018780534144513805
0.6860529403437743,0.018875136691409056
0.6872004922090549,0.018969235919221727
0.6883472551925349,0.019062828611855487
0.6894932242854407,0.019155911553213667
0.6906383944789993,0.0192484815272001
0.6917827607644373,0.01934053531771851
0.6929263181329814,0.01943206970867234
0.6940690615758581,0.0195230814839652
0.6952109860842943,0.019613567427500866
0.6963520866495163,0.01970352432318284
0.6974923582627511,0.019792948954914846
0.6986317959152254,0.01988183810660038
0.6997703945981657,0.019970188562143276
0.7009081493027983,0.020057997105446923
0.7020450550203504,0.020145260520415043
0.7031811067420486,0.0202319755909513
0.7043162994591194,0.02031813910095931
0.7054506281627896,0.020403747834342623
0.7065840878442857,0.020488798575004963
0.7077166734948345,0.020573288106849885
0.7088483801056625,0.020657213213781
0.7099792026679967,0.020740570679702086
0.7111091361730633,0.020823357288516475
0.7122381756120892,0.020905569824128112
0.7133663159763012,0.020987205070440496
0.7144935522569256,0.021068259811357126
0.7156198794451898,0.021148730830781837
0.7167452925323196,0.021228614912618238
0.7178697865095419,0.021307908840769718
0.7189933563680836,0.021386609399140055
0.7201159970991712,0.021464713371632915
0.7212377036940314,0.021542217542151854
0.722358471143891,0.021619118694600592
0.7234782944399765,0.021695413612882686
0.7245971685735144,0.0217710990809018
0.7257150885357315,0.021846171882561438
0.7268320493178548,0.021920628801765263
0.7279480459111105,0.021994466622417053
0.7290630733067255,0.022067682128420307
0.7301771264959265,0.02214027210367875
0.7312902004699398,0.02221223333209582
0.7324022902199926,0.0222835625975753
0.7335133907373111,0.02235425668402069
0.7346234970131222,0.022424312375335764
0.7357326040386524,0.022493726455424023
0.7368407068051286,0.022562495708189134
0.7379478003037775,0.022630616917534874
0.7390538795258254,0.022698086867364575
0.7401589394624991,0.02276490234158207
0.7412629751050255,0.022831060124090974
0.742365981444631,0.02289655699879478
0.7434679534725426,0.022961389749597383
0.7445688861799865,0.023025555160402056
0.7456687745581896,0.023089050015112633
0.7467676135983785,0.023151871097632726
0.7478653982917799,0.023214015191865833
0.7489621236296204,0.023275479081715678
0.7500577846031269,0.023336259551086036
0.7511523762035258,0.023396353383880297
0.7522458934220437,0.023455757364002183
0.7533383312499078,0.02351446827535536
0.7544296846783441,0.023572482901843272
0.7555199486985799,0.02362979802736992
0.7566091183018411,0.023686410435838468
0.757697188479355,0.023742316911152916
0.758784154222348,0.0237975142372166
0.7598700105220466,0.023851999197933293
0.7609547523696778,0.023905768577206665
0.7620383747564681,0.023958819158940214
0.7631208726736443,0.024011147727037663
0.764202241112433,0.024062751065402677
0.7652824750640606,0.024113625957938756
0.766361569519754,0.02416376918854951
0.7674395194707397,0.024213177541138664
0.7685163199082446,0.02426184779960988
0.7695919658234954,0.024309776747866607
0.7706664522077186,0.02435696116981262
0.7717397740521408,0.024403397849351693
0.7728119263479888,0.024449083570387053
0.7738829040864892,0.024494015116822643
0.7749527022588687,0.02453818927256185
0.7760213158563539,0.024581602821508564
0.7770887398701715,0.024624252547566172
0.7781549692915481,0.024666135234638398
0.7792199991117105,0.024707247666628962
0.7802838243218853,0.02474758662744131
0.781346439913299,0.02478714890097916
0.7824078408771785,0.02482593127114624
0.7834680222047505,0.02486393052184599
0.7845269788872413,0.02490114343698213
0.7855847059158783,0.024937566800458277
0.7866411982818872,0.024973197396178037
0.7876964509764952,0.025008032008045022
0.7887504589909289,0.02504206741996301
0.789803217316415,0.02507530041583539
0.7908547209441802,0.02510772777956588
0.791904964865451,0.025139346295058207
0.7929539440714539,0.025170152746215757
0.794001653553416,0.025200143916942364
0.7950480883025639,0.025229316591141693
0.7960932433101242,0.0252576675527173
0.7971371135673231,0.025285193585572574
0.798179694065388,0.02531189147361157
0.799220979795545,0.02533775800073762
0.8002609657490211,0.025362789950854392
0.8012996469170428,0.02538698410786555
0.8023370182908367,0.025410337255674598
0.8033730748616297,0.02543284617818542
0.8044078116206484,0.02545450765930163
0.8054412235591191,0.025475318482926446
0.8064733056682689,0.025495275432963815
0.8075040529393245,0.025514375293317404
0.8085334603635123,0.025532614847890767
0.8095615229320587,0.025549990880587403
0.8105882356361912,0.02556650017531109
0.811613593467136,0.025582139515965552
0.8126375914161196,0.02559690568645412
0.8136602244743685,0.02561079547068057
0.8146814876331099,0.025623805652548515
0.8157013758835698,0.025635933015961565
0.816719884216976,0.025647174344823498
0.8177370076245543,0.025657526423037758
0.8187527410975312,0.02566698603450801
0.8197670796271338,0.025675549963137978
0.8207800182045883,0.025683214992830994
0.8217915518211223,0.025689977907491057
0.8228016754679616,0.025695835491021612
0.8238103841363331,0.025700784527326326
0.8248176728174634,0.025704821800308753
0.8258235365025793,0.025707944093872503
0.8268279701829073,0.0257101481919213
0.8278309688496746,0.025711430878358865
0.828832527494107,0.025711788937088476
0.8298326411074318,0.025711219152014186
0.8308313046808753,0.025709718307039275
0.8318285132056644,0.025707283186067464
0.8328242616730259,0.02570391057300253
0.833818545074186,0.025699597251747974
0.8348113584003717,0.025694340006207406
0.8358026966428095,0.02568813562028438
0.8367925547927263,0.025680980877882675
0.8377809278413483,0.02567287256290579
0.8387678107799027,0.025663807459257615
0.8397531985996161,0.025653782350841536
0.8407370862917147,0.025642794021561055
0.8417194688474254,0.02563083925532006
0.8427003412579751,0.025617914836022104
0.8436796985145902,0.0256040175475708
0.8446575356084974,0.02558914417386965
0.8456338475309235,0.025573291498822537
0.8466086292730952,0.025556456306332853
0.8475818758262387,0.025538635380304264
0.8485535821815811,0.025519825504640437
0.8495237433303491,0.02550002346324509
0.850492354263769,0.02547922604002173
0.8514594099730679,0.025457430018874072
0.8524249054494721,0.025434632183705563
0.8533888356842083,0.025410829318420036
0.8543511956685034,0.02538601820692088
0.8553119803935841,0.025360195633112037
0.8562711848506767,0.025333358380896842
0.857228804031008,0.025305503234179128
0.8581848329258048,0.025276626976862393
0.8591392665262936,0.02524672639285025
0.8600920998237014,0.025215798266046474
0.8610433278092545,0.025183839380354622
0.8619929454741795,0.02515084651967814
0.8629409478097032,0.025116816467920855
0.8638873298070524,0.025081746008986328
0.8648320864574538,0.025045631926778278
0.865775212752134,0.025008471005200317
0.8667167036823191,0.024970260028155722
0.8676565542392367,0.02493099577954866
0.8685947594141128,0.024890675043282406
0.8695313141981744,0.02484929460326063
0.8704662135826478,0.02480685124338694
0.8713994525587601,0.02476334174756517
0.8723310261177377,0.02471876289969871
0.8732609292508072,0.024673111483691335
0.8741891569491957,0.0246263842834466
0.8751157042041292,0.024578578082868008
0.8760405660068348,0.024529689665859444
0.8769637373485393,0.02447971581632441
0.877885213220469,0.024428653318166516
0.8788049886138507,0.024376498955289316
0.879723058519911,0.02432324951159659
0.8806394179298764,0.02426890177099178
0.8815540618349742,0.024213452517378775
0.8824669852264306,0.024156898534660964
0.8833781830954721,0.024099236606742014
0.8842876504333257,0.02404046351752559
0.8851953822312177,0.02398057605091536
0.8861013734803754,0.023919570990815042
0.8870056191720249,0.023857445121127918
0.8879081142973928,0.023794195225757764
0.8888088538477062,0.023729818088608412
0.8897078328141915,0.023664310493583307
0.8906050461880757,0.02359766922458617
0.8915004889605849,0.023529891065520447
0.8923941561229459,0.023460972800289914
0.8932860426663856,0.023390911212798182
0.8941761435821309,0.023319703086948917
0.8950644538614076,0.02324734520664551
0.8959509684954434,0.023173834355791956
0.896835682475464,0.023099167318291425
0.8977185907926969,0.023023340878048082
0.8985996884383681,0.022946351818965094
0.8994789704037047,0.02286819692494635
0.9003564316799333,0.022788872979895236
0.9012320672582803,0.022708376767715643
0.9021058721299724,0.022626705072311015
0.9029778412862364,0.022543854677585018
0.9038479697182992,0.022459822367441484
0.9047162524173872,0.022374604925783692
0.9055826843747269,0.022288199136515474
0.9064472605815452,0.022200601783540386
0.9073099760290686,0.022111809650762038
0.9081708257085241,0.022021819522084263
0.909029804611138,0.021930628181410394
0.9098869077281371,0.02183823241264421
0.9107421300507481,0.02174462899968932
0.9115954665701977,0.02164981472644939
0.9124469122777122,0.02155378637682792
0.913296462164519,0.021456540734728635
0.9141441112218439,0.021358074584055087
0.9149898544409141,0.021258384708710942
0.915833686812956,0.021157467892599868
0.9166756033291965,0.021055320919625475
0.9175155989808623,0.02095194057369132
0.9183536687591798,0.02084732363870112
0.9191898076553758,0.020741466898558436
0.9200240106606767,0.02063436713716682
0.92085627276631,0.020526021138430217
0.9216865889635013,0.02041642568625185
0.922514954243478,0.020305577564535604
0.9233413635974663,0.020193473557184927
0.924165812016693,0.02008011044810354
0.9249882944923848,0.019965485021195162
0.9258088060157688,0.019849594060363185
0.9266273415780708,0.01973243434951144
0.927443896170518,0.01961400267254343
0.9282584647843373,0.01949429581336304
0.9290710424107546,0.01937331055587349
0.9298816240409973,0.019251043683978675
0.9306902046662917,0.019127491981582145
0.9314967792778643,0.019002652232587514
0.9323013428669423,0.018876521220898446
0.933103890424752,0.018749095730418497
0.9339044169425201,0.01862037254505139
0.9347029174114732,0.018490348448700678
0.9354993868228377,0.018359020225269806
0.936293820167841,0.01822638465866283
0.9370862124377095,0.018092438532783195
0.9378765586236694,0.017957178631534287
0.938664853716948,0.017820601738820052
0.9394510927087714,0.017682704638543933
0.9402352705903665,0.017543484114609653
0.9410173823529601,0.01740293695092071
0.9417974229877788,0.01726105993138094
0.942575387486049,0.017117849839893673
0.9433512708389977,0.0169733034603628
0.9441250680378515,0.016827417576691817
0.9448967740738368,0.016680188972784338
0.9456663839381808,0.016531614432544195
0.9464338926221092,0.016381690739874555
0.94719929511685,0.01623041467867964
0.9479625864136286,0.016077783032862558
0.9487237615036725,0.015923792586327312
0.949482815378208,0.015768440122977234
0.9502397430284617,0.015611722426716101
0.9509945394456604,0.015453636281447358
0.9517471996210309,0.01529417847107506
0.9524977185457999,0.015133345779502427
0.9532460912111935,0.014971134990633128
0.9539923126084388,0.01480754288837094
0.9547363777287627,0.014642566256619693
0.9554782815633913,0.014476201879282447
0.9562180191035514,0.014308446540263087
0.9569555853404701,0.014139297023465391
0.9576909752653738,0.013968750112793027
0.9584241838694888,0.01379680259214916
0.9591552061440423,0.013623451245437901
0.9598840370802606,0.013448692856562472
0.9606106716693708,0.013272524209426872
0.961335104902599,0.013094942087934602
0.962057331771172,0.012915943275989106
0.962777347266317,0.012735524557494438
0.9634951463792601,0.01255368271635382
0.9642107241012279,0.012370414536470864
0.9649240754234476,0.012185716801749513
0.9656351953371453,0.01199958629609299
0.9663440788335482,0.01181201980340546
0.9670507209038826,0.011623014107589924
0.9677551165393752,0.011432565992550547
0.9684572607312525,0.011240672242190552
0.9691571484707415,0.011047329640413828
0.9698547747490687,0.010852534971123817
0.9705501345574608,0.010656285018224243
0.9712432228871444,0.010458576565618827
0.9719340347293464,0.010259406397211068
0.972622565075293,0.010058771296904523
0.9733088089162114,0.009856668048603023
0.9739927612433281,0.009653093436210014
0.9746744170478694,0.009448044243629106
0.975353771321062,0.00924151725476402
0.9760308190541331,0.009033509253518424
0.976705555238309,0.008824017023795927
0.9773779748648166,0.008613037349500086
0.9780480729248822,0.00840056701453451
0.9787158444097327,0.008186602802802923
0.9793812843105947,0.007971141498208878
0.9800443876186948,0.007754179884655987
0.9807051493252599,0.007535714746047917
0.9813635644215164,0.007315742866288222
0.9820196278986908,0.007094261029280513
0.9826733347480101,0.006871266018928623
0.9833246799607012,0.006646754619136108
0.9839736585279903,0.006420723613806523
0.984620265441104,0.006193169786843256
0.9852644956912692,0.005964089922150251
0.9859063442697126,0.005733480803631064
0.986545806167661,0.005501339215189416
0.9871828763763408,0.005267661940728807
0.9878175498869786,0.005032445764152793
0.9884498216908013,0.004795687469365317
0.989079686779035,0.0045573838402694355
0.9897071401429074,0.004317531660769369
0.9903321767736442,0.004076127714768341
0.9909547916624724,0.0038331687861701824
0.9915749798006187,0.0035886516588783945
0.9921927361793101,0.0033425731167968653
0.9928080557897727,0.003094929943828706
0.9934209336232331,0.0028457189238779157
0.9940313646709187,0.0025949368408482165
0.9946393439240557,0.0023425804786431637
0.9952448663738707,0.0020886466211662014
0.9958479270115901,0.0018331320523209405
0.9964485208284412,0.0015760335560112138
0.9970466428156501,0.00131734791614041
0.997642287964444,0.0010570719166124731
0.9982354512660493,7.952023413308473E-4
0.9988261277116924,5.317359741989214E-4
0.9994143122926005,2.666695991208612E-4
1.0,0.0
0.9999999999999999,0.001001001001001001
0.9999999999999999,0.002002002002002002
0.9999999999999999,0.003003003003003003
0.9999999999999999,0.004004004004004004
0.9999999999999999,0.005005005005005005
0.9999999999999999,0.006006006006006006
0.9999999999999999,0.007007007007007007
0.9999999999999999,0.008008008008008008
0.9999999999999999,0.009009009009009009
0.9999999999999999,0.01001001001001001
0.9999999999999999,0.011011011011011011
0.9999999999999999,0.012012012012012012
0.9999999999999999,0.013013013013013013
0.9999999999999999,0.014014014014014014
0.9999999999999999,0.015015015015015015
0.9999999999999999,0.016016016016016016
0.9999999999999999,0.01701701701701702
0.9999999999999999,0.018018018018018018
0.9999999999999999,0.01901901901901902
0.9999999999999999,0.02002002002002002
0.9999999999999999,0.021021021021021023
0.9999999999999999,0.022022022022022022
0.9999999999999999,0.023023023023023025
0.9999999999999999,0.024024024024024024
0.9999999999999999,0.025025025025025027
0.9999999999999999,0.026026026026026026
0.9999999999999999,0.02702702702702703
0.9999999999999999,0.028028028028028028
0.9999999999999999,0.02902902902902903
0.9999999999999999,0.03003003003003003
0.9999999999999999,0.031031031031031032
0.9999999999999999,0.03203203203203203
0.9999999999999999,0.03303303303303303
0.9999999999999999,0.03403403403403404
0.9999999999999999,0.035035035035035036
0.9999999999999999,0.036036036036036036
0.9999999999999999,0.037037037037037035
0.9999999999999999,0.03803803803803804
0.9999999999999999,0.03903903903903904
0.9999999999999999,0.04004004004004004
0.9999999999999999,0.04104104104104104
0.9999999999999999,0.042042042042042045
0.9999999999999999,0.043043043043043044
0.9999999999999999,0.044044044044044044
0.9999999999999999,0.04504504504504504
0.9999999999999999,0.04604604604604605
0.9999999999999999,0.04704704704704705
0.9999999999999999,0.04804804804804805
0.9999999999999999,0.04904904904904905
0.9999999999999999,0.05005005005005005
0.9999999999999999,0.05105105105105105
0.9999999999999999,0.05205205205205205
0.9999999999999999,0.05305305305305305
0.9999999999999999,0.05405405405405406
0.9999999999999999,0.055055055055055056
0.9999999999999999,0.056056056056056056
0.9999999999999999,0.057057057057057055
0.9999999999999999,0.05805805805805806
0.9999999999999999,0.05905905905905906
0.9999999999999999,0.06006006006006006
0.9999999999999999,0.06106106106106106
0.9999999999999999,0.062062062062062065
0.9999999999999999,0.06306306306306306
0.9999999999999999,0.06406406406406406
0.9999999999999999,0.06506506506506507
0.9999999999999999,0.06606606606606606
0.9999999999999999,0.06706706706706707
0.9999999999999999,0.06806806806806807
0.9999999999999999,0.06906906906906907
0.9999999999999999,0.07007007007007007
0.9999999999999999,0.07107107107107107
0.9999999999999999,0.07207207207207207
0.9999999999999999,0.07307307307307308
0.9999999999999999,0.07407407407407407
0.9999999999999999,0.07507507507507508
0.9999999999999999,0.07607607607607608
0.9999999999999999,0.07707707707707707
0.9999999999999999,0.07807807807807808
0.9999999999999999,0.07907907907907907
0.9999999999999999,0.08008008008008008
0.9999999999999999,0.08108108108108109
0.9999999999999999,0.08208208208208208
0.9999999999999999,0.08308308308308308
0.9999999999999999,0.08408408408408409
0.9999999999999999,0.08508508508508508
0.9999999999999999,0.08608608608608609
0.9999999999999999,0.08708708708708708
0.9999999999999999,0.08808808808808809
0.9999999999999999,0.0890890890890891
0.9999999999999999,0.09009009009009009
0.9999999999999999,0.09109109109109109
0.9999999999999999,0.0920920920920921
0.9999999999999999,0.09309309309309309
0.9999999999999999,0.0940940940940941
0.9999999999999999,0.09509509509509509
0.9999999999999999,0.0960960960960961
0.9999999999999999,0.0970970970970971
0.9999999999999999,0.0980980980980981
0.9999999999999999,0.0990990990990991
0.9999999999999999,0.1001001001001001
0.9999999999999999,0.1011011011011011
0.9999999999999999,0.1021021021021021
0.9999999999999999,0.1031031031031031
0.9999999999999999,0.1041041041041041
0.9999999999999999,0.10510510510510511
0.9999999999999999,0.1061061061061061
0.9999999999999999,0.10710710710710711
0.9999999999999999,0.10810810810810811
0.9999999999999999,0.1091091091091091
0.9999999999999999,0.11011011011011011
0.9999999999999999,0.1111111111111111
0.9999999999999999,0.11211211211211211
0.9999999999999999,0.11311311311311312
0.9999999999999999,0.11411411411411411
0.9999999999999999,0.11511511511511512
0.9999999999999999,0.11611611611611612
0.9999999999999999,0.11711711711711711
0.9999999999999999,0.11811811811811812
0.9999999999999999,0.11911911911911911
0.9999999999999999,0.12012012012012012
0.9999999999999999,0.12112112112112113
0.9999999999999999,0.12212212212212212
0.9999999999999999,0.12312312312312312
0.9999999999999999,0.12412412412412413
0.9999999999999999,0.12512512512512514
0.9999999999999999,0.12612612612612611
0.9999999999999999,0.12712712712712712
0.9999999999999999,0.12812812812812813
0.9999999999999999,0.12912912912912913
0.9999999999999999,0.13013013013013014
0.9999999999999999,0.13113113113113112
0.9999999999999999,0.13213213213213212
0.9999999999999999,0.13313313313313313
0.9999999999999999,0.13413413413413414
0.9999999999999999,0.13513513513513514
0.9999999999999999,0.13613613613613615
0.9999999999999999,0.13713713713713713
0.9999999999999999,0.13813813813813813
0.9999999999999999,0.13913913913913914
0.9999999999999999,0.14014014014014015
0.9999999999999999,0.14114114114114115
0.9999999999999999,0.14214214214214213
0.9999999999999999,0.14314314314314314
0.9999999999999999,0.14414414414414414
0.9999999999999999,0.14514514514514515
0.9999999999999999,0.14614614614614616
0.9999999999999999,0.14714714714714713
0.9999999999999999,0.14814814814814814
0.9999999999999999,0.14914914914914915
0.9999999999999999,0.15015015015015015
0.9999999999999999,0.15115115115115116
0.9999999999999999,0.15215215215215216
0.9999999999999999,0.15315315315315314
0.9999999999999999,0.15415415415415415
0.9999999999999999,0.15515515515515516
0.9999999999999999,0.15615615615615616
0.9999999999999999,0.15715715715715717
0.9999999999999999,0.15815815815815815
0.9999999999999999,0.15915915915915915
0.9999999999999999,0.16016016016016016
0.9999999999999999,0.16116116116116116
0.9999999999999999,0.16216216216216217
0.9999999999999999,0.16316316316316315
0.9999999999999999,0.16416416416416416
0.9999999999999999,0.16516516516516516
0.9999999999999999,0.16616616616616617
0.9999999999999999,0.16716716716716717
0.9999999999999999,0.16816816816816818
0.9999999999999999,0.16916916916916916
0.9999999999999999,0.17017017017017017
0.9999999999999999,0.17117117117117117
0.9999999999999999,0.17217217217217218
0.9999999999999999,0.17317317317317318
0.9999999999999999,0.17417417417417416
0.9999999999999999,0.17517517517517517
0.9999999999999999,0.17617617617617617
0.9999999999999999,0.17717717717717718
0.9999999999999999,0.1781781781781782
0.9999999999999999,0.17917917917917917
0.9999999999999999,0.18018018018018017
0.9999999999999999,0.18118118118118118
0.9999999999999999,0.18218218218218218
0.9999999999999999,0.1831831831831832
0.9999999999999999,0.1841841841841842
0.9999999999999999,0.18518518518518517
0.9999999999999999,0.18618618618618618
0.9999999999999999,0.1871871871871872
0.9999999999999999,0.1881881881881882
0.9999999999999999,0.1891891891891892
0.9999999999999999,0.19019019019019018
0.9999999999999999,0.19119119119119118
0.9999999999999999,0.1921921921921922
0.9999999999999999,0.1931931931931932
0.9999999999999999,0.1941941941941942
0.9999999999999999,0.19519519519519518
0.9999999999999999,0.1961961961961962
0.9999999999999999,0.1971971971971972
0.9999999999999999,0.1981981981981982
0.9999999999999999,0.1991991991991992
0.9999999999999999,0.2002002002002002
0.9999999999999999,0.2012012012012012
0.9999999999999999,0.2022022022022022
0.9999999999999999,0.2032032032032032
0.9999999999999999,0.2042042042042042
0.9999999999999999,0.20520520520520522
0.9999999999999999,0.2062062062062062
0.9999999999999999,0.2072072072072072
0.9999999999999999,0.2082082082082082
0.9999999999999999,0.2092092092092092
0.9999999999999999,0.21021021021021022
0.9999999999999999,0.21121121121121122
0.9999999999999999,0.2122122122122122
0.9999999999999999,0.2132132132132132
0.9999999999999999,0.21421421421421422
0.9999999999999999,0.21521521521521522
0.9999999999999999,0.21621621621621623
0.9999999999999999,0.2172172172172172
0.9999999999999999,0.2182182182182182
0.9999999999999999,0.21921921921921922
0.9999999999999999,0.22022022022022023
0.9999999999999999,0.22122122122122123
0.9999999999999999,0.2222222222222222
0.9999999999999999,0.22322322322322322
0.9999999999999999,0.22422422422422422
0.9999999999999999,0.22522522522522523
0.9999999999999999,0.22622622622622623
0.9999999999999999,0.22722722722722724
0.9999999999999999,0.22822822822822822
0.9999999999999999,0.22922922922922923
0.9999999999999999,0.23023023023023023
0.9999999999999999,0.23123123123123124
0.9999999999999999,0.23223223223223224
0.9999999999999999,0.23323323323323322
0.9999999999999999,0.23423423423423423
0.9999999999999999,0.23523523523523523
0.9999999999999999,0.23623623623623624
0.9999999999999999,0.23723723723723725
0.9999999999999999,0.23823823823823823
0.9999999999999999,0.23923923923923923
0.9999999999999999,0.24024024024024024
0.9999999999999999,0.24124124124124124
0.9999999999999999,0.24224224224224225
0.9999999999999999,0.24324324324324326
0.9999999999999999,0.24424424424424424
0.9999999999999999,0.24524524524524524
0.9999999999999999,0.24624624624624625
0.9999999999999999,0.24724724724724725
0.9999999999999999,0.24824824824824826
0.9999999999999999,0.24924924924924924
0.9999999999999999,0.2502502502502503
0.9999999999999999,0.25125125125125125
0.9999999999999999,0.25225225225225223
0.9999999999999999,0.25325325325325326
0.9999999999999999,0.25425425425425424
0.9999999999999999,0.2552552552552553
0.9999999999999999,0.25625625625625625
0.9999999999999999,0.25725725725725723
0.9999999999999999,0.25825825825825827
0.9999999999999999,0.25925925925925924
0.9999999999999999,0.2602602602602603
0.9999999999999999,0.26126126126126126
0.9999999999999999,0.26226226226226224
0.9999999999999999,0.26326326326326327
0.9999999999999999,0.26426426426426425
0.9999999999999999,0.2652652652652653
0.9999999999999999,0.26626626626626626
0.9999999999999999,0.2672672672672673
0.9999999999999999,0.2682682682682683
0.9999999999999999,0.26926926926926925
0.9999999999999999,0.2702702702702703
0.9999999999999999,0.27127127127127126
0.9999999999999999,0.2722722722722723
0.9999999999999999,0.2732732732732733
0.9999999999999999,0.27427427427427425
0.9999999999999999,0.2752752752752753
0.9999999999999999,0.27627627627627627
0.9999999999999999,0.2772772772772773
0.9999999999999999,0.2782782782782783
0.9999999999999999,0.27927927927927926
0.9999999999999999,0.2802802802802803
0.9999999999999999,0.28128128128128127
0.9999999999999999,0.2822822822822823
0.9999999999999999,0.2832832832832833
0.9999999999999999,0.28428428428428426
0.9999999999999999,0.2852852852852853
0.9999999999999999,0.2862862862862863
0.9999999999999999,0.2872872872872873
0.9999999999999999,0.2882882882882883
0.9999999999999999,0.28928928928928926
0.9999999999999999,0.2902902902902903
0.9999999999999999,0.2912912912912913
0.9999999999999999,0.2922922922922923
0.9999999999999999,0.2932932932932933
0.9999999999999999,0.29429429429429427
0.9999999999999999,0.2952952952952953
0.9999999999999999,0.2962962962962963
0.9999999999999999,0.2972972972972973
0.9999999999999999,0.2982982982982983
0.9999999999999999,0.2992992992992993
0.9999999999999999,0.3003003003003003
0.9999999999999999,0.3013013013013013
0.9999999999999999,0.3023023023023023
0.9999999999999999,0.3033033033033033
0.9999999999999999,0.30430430430430433
0.9999999999999999,0.3053053053053053
0.9999999999999999,0.3063063063063063
0.9999999999999999,0.3073073073073073
0.9999999999999999,0.3083083083083083
0.9999999999999999,0.30930930930930933
0.9999999999999999,0.3103103103103103
0.9999999999999999,0.3113113113113113
0.9999999999999999,0.3123123123123123
0.9999999999999999,0.3133133133133133
0.9999999999999999,0.31431431431431434
0.9999999999999999,0.3153153153153153
0.9999999999999999,0.3163163163163163
0.9999999999999999,0.3173173173173173
0.9999999999999999,0.3183183183183183
0.9999999999999999,0.31931931931931934
0.9999999999999999,0.3203203203203203
0.9999999999999999,0.3213213213213213
0.9999999999999999,0.32232232232232233
0.9999999999999999,0.3233233233233233
0.9999999999999999,0.32432432432432434
0.9999999999999999,0.3253253253253253
0.9999999999999999,0.3263263263263263
0.9999999999999999,0.32732732732732733
0.9999999999999999,0.3283283283283283
0.9999999999999999,0.32932932932932935
0.9999999999999999,0.3303303303303303
0.9999999999999999,0.33133133133133136
0.9999999999999999,0.33233233233233234
0.9999999999999999,0.3333333333333333
0.9999999999999999,0.33433433433433435
0.9999999999999999,0.3353353353353353
0.9999999999999999,0.33633633633633636
0.9999999999999999,0.33733733733733734
0.9999999999999999,0.3383383383383383
0.9999999999999999,0.33933933933933935
0.9999999999999999,0.34034034034034033
0.9999999999999999,0.34134134134134136
0.9999999999999999,0.34234234234234234
0.9999999999999999,0.3433433433433433
0.9999999999999999,0.34434434434434436
0.9999999999999999,0.34534534534534533
0.9999999999999999,0.34634634634634637
0.9999999999999999,0.34734734734734735
0.9999999999999999,0.3483483483483483
0.9999999999999999,0.34934934934934936
0.9999999999999999,0.35035035035035034
0.9999999999999999,0.35135135135135137
0.9999999999999999,0.35235235235235235
0.9999999999999999,0.3533533533533533
0.9999999999999999,0.35435435435435436
0.9999999999999999,0.35535535535535534
0.9999999999999999,0.3563563563563564
0.9999999999999999,0.35735735735735735
0.9999999999999999,0.35835835835835833
0.9999999999999999,0.35935935935935936
0.9999999999999999,0.36036036036036034
0.9999999999999999,0.3613613613613614
0.9999999999999999,0.36236236236236236
0.9999999999999999,0.3633633633633634
0.9999999999999999,0.36436436436436437
0.9999999999999999,0.36536536536536535
0.9999999999999999,0.3663663663663664
0.9999999999999999,0.36736736736736736
0.9999999999999999,0.3683683683683684
0.9999999999999999,0.36936936936936937
0.9999999999999999,0.37037037037037035
0.9999999999999999,0.3713713713713714
0.9999999999999999,0.37237237237237236
0.9999999999999999,0.3733733733733734
0.9999999999999999,0.3743743743743744
0.9999999999999999,0.37537537537537535
0.9999999999999999,0.3763763763763764
0.9999999999999999,0.37737737737737737
0.9999999999999999,0.3783783783783784
0.9999999999999999,0.3793793793793794
0.9999999999999999,0.38038038038038036
0.9999999999999999,0.3813813813813814
0.9999999999999999,0.38238238238238237
0.9999999999999999,0.3833833833833834
0.9999999999999999,0.3843843843843844
0.9999999999999999,0.38538538538538536
0.9999999999999999,0.3863863863863864
0.9999999999999999,0.38738738738738737
0.9999999999999999,0.3883883883883884
0.9999999999999999,0.3893893893893894
0.9999999999999999,0.39039039039039036
0.9999999999999999,0.3913913913913914
0.9999999999999999,0.3923923923923924
0.9999999999999999,0.3933933933933934
0.9999999999999999,0.3943943943943944
0.9999999999999999,0.3953953953953954
0.9999999999999999,0.3963963963963964
0.9999999999999999,0.3973973973973974
0.9999999999999999,0.3983983983983984
0.9999999999999999,0.3993993993993994
0.9999999999999999,0.4004004004004004
0.9999999999999999,0.4014014014014014
0.9999999999999999,0.4024024024024024
0.9999999999999999,0.4034034034034034
0.9999999999999999,0.4044044044044044
0.9999999999999999,0.40540540540540543
0.9999999999999999,0.4064064064064064
0.9999999999999999,0.4074074074074074
0.9999999999999999,0.4084084084084084
0.9999999999999999,0.4094094094094094
0.9999999999999999,0.41041041041041043
0.9999999999999999,0.4114114114114114
0.9999999999999999,0.4124124124124124
0.9999999999999999,0.4134134134134134
0.9999999999999999,0.4144144144144144
0.9999999999999999,0.41541541541541543
0.9999999999999999,0.4164164164164164
0.9999999999999999,0.4174174174174174
0.9999999999999999,0.4184184184184184
0.9999999999999999,0.4194194194194194
0.9999999999999999,0.42042042042042044
0.9999999999999999,0.4214214214214214
0.9999999999999999,0.42242242242242245
0.9999999999999999,0.42342342342342343
0.9999999999999999,0.4244244244244244
0.9999999999999999,0.42542542542542544
0.9999999999999999,0.4264264264264264
0.9999999999999999,0.42742742742742745
0.9999999999999999,0.42842842842842843
0.9999999999999999,0.4294294294294294
0.9999999999999999,0.43043043043043044
0.9999999999999999,0.4314314314314314
0.9999999999999999,0.43243243243243246
0.9999999999999999,0.43343343343343343
0.9999999999999999,0.4344344344344344
0.9999999999999999,0.43543543543543545
0.9999999999999999,0.4364364364364364
0.9999999999999999,0.43743743743743746
0.9999999999999999,0.43843843843843844
0.9999999999999999,0.4394394394394394
0.9999999999999999,0.44044044044044045
0.9999999999999999,0.44144144144144143
0.9999999999999999,0.44244244244244246
0.9999999999999999,0.44344344344344344
0.9999999999999999,0.4444444444444444
0.9999999999999999,0.44544544544544545
0.9999999999999999,0.44644644644644643
0.9999999999999999,0.44744744744744747
0.9999999999999999,0.44844844844844844
0.9999999999999999,0.4494494494494494
0.9999999999999999,0.45045045045045046
0.9999999999999999,0.45145145145145144
0.9999999999999999,0.45245245245245247
0.9999999999999999,0.45345345345345345
0.9999999999999999,0.4544544544544545
0.9999999999999999,0.45545545545545546
0.9999999999999999,0.45645645645645644
0.9999999999999999,0.4574574574574575
0.9999999999999999,0.45845845845845845
0.9999999999999999,0.4594594594594595
0.9999999999999999,0.46046046046046046
0.9999999999999999,0.46146146146146144
0.9999999999999999,0.4624624624624625
0.9999999999999999,0.46346346346346345
0.9999999999999999,0.4644644644644645
0.9999999999999999,0.46546546546546547
0.9999999999999999,0.46646646646646645
0.9999999999999999,0.4674674674674675
0.9999999999999999,0.46846846846846846
0.9999999999999999,0.4694694694694695
0.9999999999999999,0.47047047047047047
0.9999999999999999,0.47147147147147145
0.9999999999999999,0.4724724724724725
0.9999999999999999,0.47347347347347346
0.9999999999999999,0.4744744744744745
0.9999999999999999,0.4754754754754755
0.9999999999999999,0.47647647647647645
0.9999999999999999,0.4774774774774775
0.9999999999999999,0.47847847847847846
0.9999999999999999,0.4794794794794795
0.9999999999999999,0.4804804804804805
0.9999999999999999,0.48148148148148145
0.9999999999999999,0.4824824824824825
0.9999999999999999,0.48348348348348347
0.9999999999999999,0.4844844844844845
0.9999999999999999,0.4854854854854855
0.9999999999999999,0.4864864864864865
0.9999999999999999,0.4874874874874875
0.9999999999999999,0.48848848848848847
0.9999999999999999,0.4894894894894895
0.9999999999999999,0.4904904904904905
0.9999999999999999,0.4914914914914915
0.9999999999999999,0.4924924924924925
0.9999999999999999,0.4934934934934935
0.9999999999999999,0.4944944944944945
0.9999999999999999,0.4954954954954955
0.9999999999999999,0.4964964964964965
0.9999999999999999,0.4974974974974975
0.9999999999999999,0.4984984984984985
0.9999999999999999,0.4994994994994995
0.9999999999999999,0.5005005005005005
0.9999999999999999,0.5015015015015015
0.9999999999999999,0.5025025025025025
0.9999999999999999,0.5035035035035035
0.9999999999999999,0.5045045045045045
0.9999999999999999,0.5055055055055055
0.9999999999999999,0.5065065065065065
0.9999999999999999,0.5075075075075075
0.9999999999999999,0.5085085085085085
0.9999999999999999,0.5095095095095095
0.9999999999999999,0.5105105105105106
0.9999999999999999,0.5115115115115115
0.9999999999999999,0.5125125125125125
0.9999999999999999,0.5135135135135135
0.9999999999999999,0.5145145145145145
0.9999999999999999,0.5155155155155156
0.9999999999999999,0.5165165165165165
0.9999999999999999,0.5175175175175175
0.9999999999999999,0.5185185185185185
0.9999999999999999,0.5195195195195195
0.9999999999999999,0.5205205205205206
0.9999999999999999,0.5215215215215215
0.9999999999999999,0.5225225225225225
0.9999999999999999,0.5235235235235235
0.9999999999999999,0.5245245245245245
0.9999999999999999,0.5255255255255256
0.9999999999999999,0.5265265265265265
0.9999999999999999,0.5275275275275275
0.9999999999999999,0.5285285285285285
0.9999999999999999,0.5295295295295295
0.9999999999999999,0.5305305305305306
0.9999999999999999,0.5315315315315315
0.9999999999999999,0.5325325325325325
0.9999999999999999,0.5335335335335335
0.9999999999999999,0.5345345345345346
0.9999999999999999,0.5355355355355356
0.9999999999999999,0.5365365365365365
0.9999999999999999,0.5375375375375375
0.9999999999999999,0.5385385385385385
0.9999999999999999,0.5395395395395396
0.9999999999999999,0.5405405405405406
0.9999999999999999,0.5415415415415415
0.9999999999999999,0.5425425425425425
0.9999999999999999,0.5435435435435435
0.9999999999999999,0.5445445445445446
0.9999999999999999,0.5455455455455456
0.9999999999999999,0.5465465465465466
0.9999999999999999,0.5475475475475475
0.9999999999999999,0.5485485485485485
0.9999999999999999,0.5495495495495496
0.9999999999999999,0.5505505505505506
0.9999999999999999,0.5515515515515516
0.9999999999999999,0.5525525525525525
0.9999999999999999,0.5535535535535535
0.9999999999999999,0.5545545545545546
0.9999999999999999,0.5555555555555556
0.9999999999999999,0.5565565565565566
0.9999999999999999,0.5575575575575575
0.9999999999999999,0.5585585585585585
0.9999999999999999,0.5595595595595596
0.9999999999999999,0.5605605605605606
0.9999999999999999,0.5615615615615616
0.9999999999999999,0.5625625625625625
0.9999999999999999,0.5635635635635635
0.9999999999999999,0.5645645645645646
0.9999999999999999,0.5655655655655656
0.9999999999999999,0.5665665665665666
0.9999999999999999,0.5675675675675675
0.9999999999999999,0.5685685685685685
0.9999999999999999,0.5695695695695696
0.9999999999999999,0.5705705705705706
0.9999999999999999,0.5715715715715716
0.9999999999999999,0.5725725725725725
0.9999999999999999,0.5735735735735735
0.9999999999999999,0.5745745745745746
0.9999999999999999,0.5755755755755756
0.9999999999999999,0.5765765765765766
0.9999999999999999,0.5775775775775776
0.9999999999999999,0.5785785785785785
0.9999999999999999,0.5795795795795796
0.9999999999999999,0.5805805805805806
0.9999999999999999,0.5815815815815816
0.9999999999999999,0.5825825825825826
0.9999999999999999,0.5835835835835835
0.9999999999999999,0.5845845845845846
0.9999999999999999,0.5855855855855856
0.9999999999999999,0.5865865865865866
0.9999999999999999,0.5875875875875876
0.9999999999999999,0.5885885885885885
0.9999999999999999,0.5895895895895896
0.9999999999999999,0.5905905905905906
0.9999999999999999,0.5915915915915916
0.9999999999999999,0.5925925925925926
0.9999999999999999,0.5935935935935935
0.9999999999999999,0.5945945945945946
0.9999999999999999,0.5955955955955956
0.9999999999999999,0.5965965965965966
0.9999999999999999,0.5975975975975976
0.9999999999999999,0.5985985985985987
0.9999999999999999,0.5995995995995996
0.9999999999999999,0.6006006006006006
0.9999999999999999,0.6016016016016016
0.9999999999999999,0.6026026026026026
0.9999999999999999,0.6036036036036037
0.9999999999999999,0.6046046046046046
0.9999999999999999,0.6056056056056056
0.9999999999999999,0.6066066066066066
0.9999999999999999,0.6076076076076076
0.9999999999999999,0.6086086086086087
0.9999999999999999,0.6096096096096096
0.9999999999999999,0.6106106106106106
0.9999999999999999,0.6116116116116116
0.9999999999999999,0.6126126126126126
0.9999999999999999,0.6136136136136137
0.9999999999999999,0.6146146146146146
0.9999999999999999,0.6156156156156156
0.9999999999999999,0.6166166166166166
0.9999999999999999,0.6176176176176176
0.9999999999999999,0.6186186186186187
0.9999999999999999,0.6196196196196196
0.9999999999999999,0.6206206206206206
0.9999999999999999,0.6216216216216216
0.9999999999999999,0.6226226226226226
0.9999999999999999,0.6236236236236237
0.9999999999999999,0.6246246246246246
0.9999999999999999,0.6256256256256256
0.9999999999999999,0.6266266266266266
0.9999999999999999,0.6276276276276276
0.9999999999999999,0.6286286286286287
0.9999999999999999,0.6296296296296297
0.9999999999999999,0.6306306306306306
0.9999999999999999,0.6316316316316316
0.9999999999999999,0.6326326326326326
0.9999999999999999,0.6336336336336337
0.9999999999999999,0.6346346346346347
0.9999999999999999,0.6356356356356356
0.9999999999999999,0.6366366366366366
0.9999999999999999,0.6376376376376376
0.9999999999999999,0.6386386386386387
0.9999999999999999,0.6396396396396397
0.9999999999999999,0.6406406406406406
0.9999999999999999,0.6416416416416416
0.9999999999999999,0.6426426426426426
0.9999999999999999,0.6436436436436437
0.9999999999999999,0.6446446446446447
0.9999999999999999,0.6456456456456456
0.9999999999999999,0.6466466466466466
0.9999999999999999,0.6476476476476476
0.9999999999999999,0.6486486486486487
0.9999999999999999,0.6496496496496497
0.9999999999999999,0.6506506506506506
0.9999999999999999,0.6516516516516516
0.9999999999999999,0.6526526526526526
0.9999999999999999,0.6536536536536537
0.9999999999999999,0.6546546546546547
0.9999999999999999,0.6556556556556556
0.9999999999999999,0.6566566566566566
0.9999999999999999,0.6576576576576577
0.9999999999999999,0.6586586586586587
0.9999999999999999,0.6596596596596597
0.9999999999999999,0.6606606606606606
0.9999999999999999,0.6616616616616616
0.9999999999999999,0.6626626626626627
0.9999999999999999,0.6636636636636637
0.9999999999999999,0.6646646646646647
0.9999999999999999,0.6656656656656657
0.9999999999999999,0.6666666666666666
0.9999999999999999,0.6676676676676677
0.9999999999999999,0.6686686686686687
0.9999999999999999,0.6696696696696697
0.9999999999999999,0.6706706706706707
0.9999999999999999,0.6716716716716716
0.9999999999999999,0.6726726726726727
0.9999999999999999,0.6736736736736737
0.9999999999999999,0.6746746746746747
0.9999999999999999,0.6756756756756757
0.9999999999999999,0.6766766766766766
0.9999999999999999,0.6776776776776777
0.9999999999999999,0.6786786786786787
0.9999999999999999,0.6796796796796797
0.9999999999999999,0.6806806806806807
0.9999999999999999,0.6816816816816816
0.9999999999999999,0.6826826826826827
0.9999999999999999,0.6836836836836837
0.9999999999999999,0.6846846846846847
0.9999999999999999,0.6856856856856857
0.9999999999999999,0.6866866866866866
0.9999999999999999,0.6876876876876877
0.9999999999999999,0.6886886886886887
0.9999999999999999,0.6896896896896897
0.9999999999999999,0.6906906906906907
0.9999999999999999,0.6916916916916916
0.9999999999999999,0.6926926926926927
0.9999999999999999,0.6936936936936937
0.9999999999999999,0.6946946946946947
0.9999999999999999,0.6956956956956957
0.9999999999999999,0.6966966966966966
0.9999999999999999,0.6976976976976977
0.9999999999999999,0.6986986986986987
1.0,0.6996996996996997
1.0,0.7007007007007007
1.0,0.7017017017017017
1.0,0.7027027027027027
1.0,0.7037037037037037
1.0,0.7047047047047047
1.0,0.7057057057057057
1.0,0.7067067067067067
1.0,0.7077077077077077
1.0,0.7087087087087087
1.0,0.7097097097097097
1.0,0.7107107107107107
1.0,0.7117117117117117
1.0,0.7127127127127127
1.0,0.7137137137137137
1.0,0.7147147147147147
1.0,0.7157157157157157
1.0,0.7167167167167167
1.0,0.7177177177177178
1.0,0.7187187187187187
1.0,0.7197197197197197
1.0,0.7207207207207207
1.0,0.7217217217217218
1.0,0.7227227227227228
1.0,0.7237237237237237
1.0,0.7247247247247247
1.0,0.7257257257257257
1.0,0.7267267267267268
1.0,0.7277277277277278
1.0,0.7287287287287287
1.0,0.7297297297297297
1.0,0.7307307307307307
1.0,0.7317317317317318
1.0,0.7327327327327328
1.0,0.7337337337337337
1.0,0.7347347347347347
1.0,0.7357357357357357
1.0,0.7367367367367368
1.0,0.7377377377377378
1.0,0.7387387387387387
1.0,0.7397397397397397
1.0,0.7407407407407407
1.0,0.7417417417417418
1.0,0.7427427427427428
1.0,0.7437437437437437
1.0,0.7447447447447447
1.0,0.7457457457457457
1.0,0.7467467467467468
1.0,0.7477477477477478
1.0,0.7487487487487487
1.0,0.7497497497497497
1.0,0.7507507507507507
1.0,0.7517517517517518
1.0,0.7527527527527528
1.0,0.7537537537537538
1.0,0.7547547547547547
1.0,0.7557557557557557
1.0,0.7567567567567568
1.0,0.7577577577577578
1.0,0.7587587587587588
1.0,0.7597597597597597
1.0,0.7607607607607607
1.0,0.7617617617617618
1.0,0.7627627627627628
1.0,0.7637637637637638
1.0,0.7647647647647647
1.0,0.7657657657657657
1.0,0.7667667667667668
1.0,0.7677677677677678
1.0,0.7687687687687688
1.0,0.7697697697697697
1.0,0.7707707707707707
1.0,0.7717717717717718
1.0,0.7727727727727728
1.0,0.7737737737737738
1.0,0.7747747747747747
1.0,0.7757757757757757
1.0,0.7767767767767768
1.0,0.7777777777777778
1.0,0.7787787787787788
1.0,0.7797797797797797
1.0,0.7807807807807807
1.0,0.7817817817817818
1.0,0.7827827827827828
1.0,0.7837837837837838
1.0,0.7847847847847848
1.0,0.7857857857857858
1.0,0.7867867867867868
1.0,0.7877877877877878
1.0,0.7887887887887888
1.0,0.7897897897897898
1.0,0.7907907907907908
1.0,0.7917917917917918
1.0,0.7927927927927928
1.0,0.7937937937937938
1.0,0.7947947947947948
1.0,0.7957957957957958
1.0,0.7967967967967968
1.0,0.7977977977977978
1.0,0.7987987987987988
1.0,0.7997997997997998
1.0,0.8008008008008008
1.0,0.8018018018018018
1.0,0.8028028028028028
1.0,0.8038038038038038
1.0,0.8048048048048048
1.0,0.8058058058058059
1.0,0.8068068068068068
1.0,0.8078078078078078
1.0,0.8088088088088088
1.0,0.8098098098098098
1.0,0.8108108108108109
1.0,0.8118118118118118
1.0,0.8128128128128128
1.0,0.8138138138138138
1.0,0.8148148148148148
1.0,0.8158158158158159
1.0,0.8168168168168168
1.0,0.8178178178178178
1.0,0.8188188188188188
1.0,0.8198198198198198
1.0,0.8208208208208209
1.0,0.8218218218218218
1.0,0.8228228228228228
1.0,0.8238238238238238
1.0,0.8248248248248248
1.0,0.8258258258258259
1.0,0.8268268268268268
1.0,0.8278278278278278
1.0,0.8288288288288288
1.0,0.8298298298298298
1.0,0.8308308308308309
1.0,0.8318318318318318
1.0,0.8328328328328328
1.0,0.8338338338338338
1.0,0.8348348348348348
1.0,0.8358358358358359
1.0,0.8368368368368369
1.0,0.8378378378378378
1.0,0.8388388388388388
1.0,0.8398398398398398
1.0,0.8408408408408409
1.0,0.8418418418418419
1.0,0.8428428428428428
1.0,0.8438438438438438
1.0,0.8448448448448449
1.0,0.8458458458458459
1.0,0.8468468468468469
1.0,0.8478478478478478
1.0,0.8488488488488488
1.0,0.8498498498498499
1.0,0.8508508508508509
1.0,0.8518518518518519
1.0,0.8528528528528528
1.0,0.8538538538538538
1.0,0.8548548548548549
1.0,0.8558558558558559
1.0,0.8568568568568569
1.0,0.8578578578578578
1.0,0.8588588588588588
1.0,0.8598598598598599
1.0,0.8608608608608609
1.0,0.8618618618618619
1.0,0.8628628628628628
1.0,0.8638638638638638
1.0,0.8648648648648649
1.0,0.8658658658658659
1.0,0.8668668668668669
1.0,0.8678678678678678
1.0,0.8688688688688688
1.0,0.8698698698698699
1.0,0.8708708708708709
1.0,0.8718718718718719
1.0,0.8728728728728729
1.0,0.8738738738738738
1.0,0.8748748748748749
1.0,0.8758758758758759
1.0,0.8768768768768769
1.0,0.8778778778778779
1.0,0.8788788788788788
1.0,0.8798798798798799
1.0,0.8808808808808809
1.0,0.8818818818818819
1.0,0.8828828828828829
1.0,0.8838838838838838
1.0,0.8848848848848849
1.0,0.8858858858858859
1.0,0.8868868868868869
1.0,0.8878878878878879
1.0,0.8888888888888888
1.0,0.8898898898898899
1.0,0.8908908908908909
1.0,0.8918918918918919
1.0,0.8928928928928929
1.0,0.8938938938938938
1.0,0.8948948948948949
1.0,0.8958958958958959
1.0,0.8968968968968969
1.0,0.8978978978978979
1.0,0.8988988988988988
1.0,0.8998998998998999
1.0,0.9009009009009009
1.0,0.9019019019019019
1.0,0.9029029029029029
1.0,0.9039039039039038
1.0,0.9049049049049049
1.0,0.9059059059059059
0.9999999999999999,0.9069069069069069
0.9999999999999999,0.9079079079079079
0.9999999999999999,0.908908908908909
0.9999999999999999,0.9099099099099099
0.9999999999999999,0.9109109109109109
0.9999999999999999,0.9119119119119119
0.9999999999999999,0.9129129129129129
0.9999999999999999,0.913913913913914
0.9999999999999999,0.914914914914915
0.9999999999999999,0.9159159159159159
0.9999999999999999,0.9169169169169169
0.9999999999999999,0.9179179179179179
0.9999999999999999,0.918918918918919
0.9999999999999999,0.91991991991992
0.9999999999999999,0.9209209209209209
0.9999999999999999,0.9219219219219219
0.9999999999999999,0.9229229229229229
0.9999999999999999,0.923923923923924
0.9999999999999999,0.924924924924925
0.9999999999999999,0.9259259259259259
0.9999999999999999,0.9269269269269269
0.9999999999999999,0.9279279279279279
0.9999999999999999,0.928928928928929
0.9999999999999999,0.92992992992993
0.9999999999999999,0.9309309309309309
0.9999999999999999,0.9319319319319319
0.9999999999999999,0.9329329329329329
0.9999999999999999,0.933933933933934
0.9999999999999999,0.934934934934935
0.9999999999999999,0.9359359359359359
0.9999999999999999,0.9369369369369369
0.9999999999999999,0.9379379379379379
0.9999999999999999,0.938938938938939
0.9999999999999999,0.93993993993994
0.9999999999999999,0.9409409409409409
0.9999999999999999,0.9419419419419419
0.9999999999999999,0.9429429429429429
0.9999999999999999,0.943943943943944
0.9999999999999999,0.944944944944945
0.9999999999999999,0.9459459459459459
0.9999999999999999,0.9469469469469469
0.9999999999999999,0.9479479479479479
0.9999999999999999,0.948948948948949
0.9999999999999999,0.94994994994995
0.9999999999999999,0.950950950950951
0.9999999999999999,0.9519519519519519
0.9999999999999999,0.9529529529529529
0.9999999999999999,0.953953953953954
0.9999999999999999,0.954954954954955
0.9999999999999999,0.955955955955956
0.9999999999999999,0.9569569569569569
0.9999999999999999,0.9579579579579579
0.9999999999999999,0.958958958958959
0.9999999999999999,0.95995995995996
0.9999999999999999,0.960960960960961
0.9999999999999999,0.9619619619619619
0.9999999999999999,0.9629629629629629
0.9999999999999999,0.963963963963964
0.9999999999999999,0.964964964964965
0.9999999999999999,0.965965965965966
0.9999999999999999,0.9669669669669669
0.9999999999999999,0.9679679679679679
0.9999999999999999,0.968968968968969
0.9999999999999999,0.96996996996997
0.9999999999999999,0.970970970970971
0.9999999999999999,0.9719719719719719
0.9999999999999999,0.972972972972973
0.9999999999999999,0.973973973973974
0.9999999999999999,0.974974974974975
0.9999999999999999,0.975975975975976
0.9999999999999999,0.9769769769769769
0.9999999999999999,0.977977977977978
0.9999999999999999,0.978978978978979
0.9999999999999999,0.97997997997998
0.9999999999999999,0.980980980980981
0.9999999999999999,0.9819819819819819
0.9999999999999999,0.982982982982983
0.9999999999999999,0.983983983983984
0.9999999999999999,0.984984984984985
0.9999999999999999,0.985985985985986
0.9999999999999999,0.986986986986987
0.9999999999999999,0.987987987987988
0.9999999999999999,0.988988988988989
0.9999999999999999,0.98998998998999
0.9999999999999999,0.990990990990991
0.9999999999999999,0.991991991991992
0.9999999999999999,0.992992992992993
0.9999999999999999,0.993993993993994
0.9999999999999999,0.994994994994995
0.9999999999999999,0.995995995995996
0.9999999999999999,0.996996996996997
0.9999999999999999,0.997997997997998
0.9999999999999999,0.998998998998999
0.9999999999999999,1.0
